Image, Car
car_imgs/000001.jpg,1
car_imgs/000002.jpg,1
car_imgs/000003.jpg,1
car_imgs/000004.jpg,1
car_imgs/000005.jpg,1
car_imgs/000006.jpg,1
car_imgs/000090.jpg,2
car_imgs/000091.jpg,2
car_imgs/000092.jpg,2
car_imgs/000093.jpg,2
car_imgs/000094.jpg,2
car_imgs/000095.jpg,2
car_imgs/000154.jpg,3
car_imgs/000155.jpg,3
car_imgs/000156.jpg,3
car_imgs/000157.jpg,3
car_imgs/000158.jpg,3
car_imgs/000159.jpg,3
car_imgs/000240.jpg,4
car_imgs/000241.jpg,4
car_imgs/000242.jpg,4
car_imgs/000243.jpg,4
car_imgs/000244.jpg,4
car_imgs/000245.jpg,4
car_imgs/000324.jpg,5
car_imgs/000325.jpg,5
car_imgs/000326.jpg,5
car_imgs/000327.jpg,5
car_imgs/000328.jpg,5
car_imgs/000329.jpg,5
car_imgs/000405.jpg,6
car_imgs/000406.jpg,6
car_imgs/000407.jpg,6
car_imgs/000408.jpg,6
car_imgs/000409.jpg,6
car_imgs/000410.jpg,6
car_imgs/000494.jpg,7
car_imgs/000495.jpg,7
car_imgs/000496.jpg,7
car_imgs/000497.jpg,7
car_imgs/000498.jpg,7
car_imgs/000499.jpg,7
car_imgs/000572.jpg,8
car_imgs/000573.jpg,8
car_imgs/000574.jpg,8
car_imgs/000575.jpg,8
car_imgs/000576.jpg,8
car_imgs/000577.jpg,8
car_imgs/000662.jpg,9
car_imgs/000663.jpg,9
car_imgs/000664.jpg,9
car_imgs/000665.jpg,9
car_imgs/000666.jpg,9
car_imgs/000667.jpg,9
car_imgs/000744.jpg,10
car_imgs/000745.jpg,10
car_imgs/000746.jpg,10
car_imgs/000747.jpg,10
car_imgs/000748.jpg,10
car_imgs/000749.jpg,10
car_imgs/000810.jpg,11
car_imgs/000811.jpg,11
car_imgs/000812.jpg,11
car_imgs/000813.jpg,11
car_imgs/000814.jpg,11
car_imgs/000815.jpg,11
car_imgs/000886.jpg,12
car_imgs/000887.jpg,12
car_imgs/000888.jpg,12
car_imgs/000889.jpg,12
car_imgs/000890.jpg,12
car_imgs/000891.jpg,12
car_imgs/000959.jpg,13
car_imgs/000960.jpg,13
car_imgs/000961.jpg,13
car_imgs/000962.jpg,13
car_imgs/000963.jpg,13
car_imgs/000964.jpg,13
car_imgs/001041.jpg,14
car_imgs/001042.jpg,14
car_imgs/001043.jpg,14
car_imgs/001044.jpg,14
car_imgs/001045.jpg,14
car_imgs/001046.jpg,14
car_imgs/001126.jpg,15
car_imgs/001127.jpg,15
car_imgs/001128.jpg,15
car_imgs/001129.jpg,15
car_imgs/001130.jpg,15
car_imgs/001131.jpg,15
car_imgs/001212.jpg,16
car_imgs/001213.jpg,16
car_imgs/001214.jpg,16
car_imgs/001215.jpg,16
car_imgs/001216.jpg,16
car_imgs/001217.jpg,16
car_imgs/001299.jpg,17
car_imgs/001300.jpg,17
car_imgs/001301.jpg,17
car_imgs/001302.jpg,17
car_imgs/001303.jpg,17
car_imgs/001304.jpg,17
car_imgs/001380.jpg,18
car_imgs/001381.jpg,18
car_imgs/001382.jpg,18
car_imgs/001383.jpg,18
car_imgs/001384.jpg,18
car_imgs/001385.jpg,18
car_imgs/001465.jpg,19
car_imgs/001466.jpg,19
car_imgs/001467.jpg,19
car_imgs/001468.jpg,19
car_imgs/001469.jpg,19
car_imgs/001470.jpg,19
car_imgs/001546.jpg,20
car_imgs/001547.jpg,20
car_imgs/001548.jpg,20
car_imgs/001549.jpg,20
car_imgs/001550.jpg,20
car_imgs/001551.jpg,20
car_imgs/001638.jpg,21
car_imgs/001639.jpg,21
car_imgs/001640.jpg,21
car_imgs/001641.jpg,21
car_imgs/001642.jpg,21
car_imgs/001643.jpg,21
car_imgs/001722.jpg,22
car_imgs/001723.jpg,22
car_imgs/001724.jpg,22
car_imgs/001725.jpg,22
car_imgs/001726.jpg,22
car_imgs/001727.jpg,22
car_imgs/001807.jpg,23
car_imgs/001808.jpg,23
car_imgs/001809.jpg,23
car_imgs/001810.jpg,23
car_imgs/001811.jpg,23
car_imgs/001812.jpg,23
car_imgs/001886.jpg,24
car_imgs/001887.jpg,24
car_imgs/001888.jpg,24
car_imgs/001889.jpg,24
car_imgs/001890.jpg,24
car_imgs/001891.jpg,24
car_imgs/001976.jpg,25
car_imgs/001977.jpg,25
car_imgs/001978.jpg,25
car_imgs/001979.jpg,25
car_imgs/001980.jpg,25
car_imgs/001981.jpg,25
car_imgs/002055.jpg,26
car_imgs/002056.jpg,26
car_imgs/002057.jpg,26
car_imgs/002058.jpg,26
car_imgs/002059.jpg,26
car_imgs/002060.jpg,26
car_imgs/002123.jpg,27
car_imgs/002124.jpg,27
car_imgs/002125.jpg,27
car_imgs/002126.jpg,27
car_imgs/002127.jpg,27
car_imgs/002128.jpg,27
car_imgs/002194.jpg,28
car_imgs/002195.jpg,28
car_imgs/002196.jpg,28
car_imgs/002197.jpg,28
car_imgs/002198.jpg,28
car_imgs/002199.jpg,28
car_imgs/002276.jpg,29
car_imgs/002277.jpg,29
car_imgs/002278.jpg,29
car_imgs/002279.jpg,29
car_imgs/002280.jpg,29
car_imgs/002281.jpg,29
car_imgs/002361.jpg,30
car_imgs/002362.jpg,30
car_imgs/002363.jpg,30
car_imgs/002364.jpg,30
car_imgs/002365.jpg,30
car_imgs/002366.jpg,30
car_imgs/002444.jpg,31
car_imgs/002445.jpg,31
car_imgs/002446.jpg,31
car_imgs/002447.jpg,31
car_imgs/002448.jpg,31
car_imgs/002449.jpg,31
car_imgs/002532.jpg,32
car_imgs/002533.jpg,32
car_imgs/002534.jpg,32
car_imgs/002535.jpg,32
car_imgs/002536.jpg,32
car_imgs/002537.jpg,32
car_imgs/002615.jpg,33
car_imgs/002616.jpg,33
car_imgs/002617.jpg,33
car_imgs/002618.jpg,33
car_imgs/002619.jpg,33
car_imgs/002620.jpg,33
car_imgs/002699.jpg,34
car_imgs/002700.jpg,34
car_imgs/002701.jpg,34
car_imgs/002702.jpg,34
car_imgs/002703.jpg,34
car_imgs/002704.jpg,34
car_imgs/002788.jpg,35
car_imgs/002789.jpg,35
car_imgs/002790.jpg,35
car_imgs/002791.jpg,35
car_imgs/002792.jpg,35
car_imgs/002793.jpg,35
car_imgs/002870.jpg,36
car_imgs/002871.jpg,36
car_imgs/002872.jpg,36
car_imgs/002873.jpg,36
car_imgs/002874.jpg,36
car_imgs/002875.jpg,36
car_imgs/002952.jpg,37
car_imgs/002953.jpg,37
car_imgs/002954.jpg,37
car_imgs/002955.jpg,37
car_imgs/002956.jpg,37
car_imgs/002957.jpg,37
car_imgs/003029.jpg,38
car_imgs/003030.jpg,38
car_imgs/003031.jpg,38
car_imgs/003032.jpg,38
car_imgs/003033.jpg,38
car_imgs/003034.jpg,38
car_imgs/003110.jpg,39
car_imgs/003111.jpg,39
car_imgs/003112.jpg,39
car_imgs/003113.jpg,39
car_imgs/003114.jpg,39
car_imgs/003115.jpg,39
car_imgs/003183.jpg,40
car_imgs/003184.jpg,40
car_imgs/003185.jpg,40
car_imgs/003186.jpg,40
car_imgs/003187.jpg,40
car_imgs/003188.jpg,40
car_imgs/003261.jpg,41
car_imgs/003262.jpg,41
car_imgs/003263.jpg,41
car_imgs/003264.jpg,41
car_imgs/003265.jpg,41
car_imgs/003266.jpg,41
car_imgs/003332.jpg,42
car_imgs/003333.jpg,42
car_imgs/003334.jpg,42
car_imgs/003335.jpg,42
car_imgs/003336.jpg,42
car_imgs/003337.jpg,42
car_imgs/003401.jpg,43
car_imgs/003402.jpg,43
car_imgs/003403.jpg,43
car_imgs/003404.jpg,43
car_imgs/003405.jpg,43
car_imgs/003406.jpg,43
car_imgs/003493.jpg,44
car_imgs/003494.jpg,44
car_imgs/003495.jpg,44
car_imgs/003496.jpg,44
car_imgs/003497.jpg,44
car_imgs/003498.jpg,44
car_imgs/003582.jpg,45
car_imgs/003583.jpg,45
car_imgs/003584.jpg,45
car_imgs/003585.jpg,45
car_imgs/003586.jpg,45
car_imgs/003587.jpg,45
car_imgs/003647.jpg,46
car_imgs/003648.jpg,46
car_imgs/003649.jpg,46
car_imgs/003650.jpg,46
car_imgs/003651.jpg,46
car_imgs/003652.jpg,46
car_imgs/003734.jpg,47
car_imgs/003735.jpg,47
car_imgs/003736.jpg,47
car_imgs/003737.jpg,47
car_imgs/003738.jpg,47
car_imgs/003739.jpg,47
car_imgs/003804.jpg,48
car_imgs/003805.jpg,48
car_imgs/003806.jpg,48
car_imgs/003807.jpg,48
car_imgs/003808.jpg,48
car_imgs/003809.jpg,48
car_imgs/003889.jpg,49
car_imgs/003890.jpg,49
car_imgs/003891.jpg,49
car_imgs/003892.jpg,49
car_imgs/003893.jpg,49
car_imgs/003894.jpg,49
car_imgs/003964.jpg,50
car_imgs/003965.jpg,50
car_imgs/003966.jpg,50
car_imgs/003967.jpg,50
car_imgs/003968.jpg,50
car_imgs/003969.jpg,50
car_imgs/004048.jpg,51
car_imgs/004049.jpg,51
car_imgs/004050.jpg,51
car_imgs/004051.jpg,51
car_imgs/004052.jpg,51
car_imgs/004053.jpg,51
car_imgs/004134.jpg,52
car_imgs/004135.jpg,52
car_imgs/004136.jpg,52
car_imgs/004137.jpg,52
car_imgs/004138.jpg,52
car_imgs/004139.jpg,52
car_imgs/004216.jpg,53
car_imgs/004217.jpg,53
car_imgs/004218.jpg,53
car_imgs/004219.jpg,53
car_imgs/004220.jpg,53
car_imgs/004221.jpg,53
car_imgs/004305.jpg,54
car_imgs/004306.jpg,54
car_imgs/004307.jpg,54
car_imgs/004308.jpg,54
car_imgs/004309.jpg,54
car_imgs/004310.jpg,54
car_imgs/004385.jpg,55
car_imgs/004386.jpg,55
car_imgs/004387.jpg,55
car_imgs/004388.jpg,55
car_imgs/004389.jpg,55
car_imgs/004390.jpg,55
car_imgs/004464.jpg,56
car_imgs/004465.jpg,56
car_imgs/004466.jpg,56
car_imgs/004467.jpg,56
car_imgs/004468.jpg,56
car_imgs/004469.jpg,56
car_imgs/004557.jpg,57
car_imgs/004558.jpg,57
car_imgs/004559.jpg,57
car_imgs/004560.jpg,57
car_imgs/004561.jpg,57
car_imgs/004562.jpg,57
car_imgs/004632.jpg,58
car_imgs/004633.jpg,58
car_imgs/004634.jpg,58
car_imgs/004635.jpg,58
car_imgs/004636.jpg,58
car_imgs/004637.jpg,58
car_imgs/004720.jpg,59
car_imgs/004721.jpg,59
car_imgs/004722.jpg,59
car_imgs/004723.jpg,59
car_imgs/004724.jpg,59
car_imgs/004725.jpg,59
car_imgs/004809.jpg,60
car_imgs/004810.jpg,60
car_imgs/004811.jpg,60
car_imgs/004812.jpg,60
car_imgs/004813.jpg,60
car_imgs/004814.jpg,60
car_imgs/004882.jpg,61
car_imgs/004883.jpg,61
car_imgs/004884.jpg,61
car_imgs/004885.jpg,61
car_imgs/004886.jpg,61
car_imgs/004887.jpg,61
car_imgs/004968.jpg,62
car_imgs/004969.jpg,62
car_imgs/004970.jpg,62
car_imgs/004971.jpg,62
car_imgs/004972.jpg,62
car_imgs/004973.jpg,62
car_imgs/005042.jpg,63
car_imgs/005043.jpg,63
car_imgs/005044.jpg,63
car_imgs/005045.jpg,63
car_imgs/005046.jpg,63
car_imgs/005047.jpg,63
car_imgs/005130.jpg,64
car_imgs/005131.jpg,64
car_imgs/005132.jpg,64
car_imgs/005133.jpg,64
car_imgs/005134.jpg,64
car_imgs/005135.jpg,64
car_imgs/005189.jpg,65
car_imgs/005190.jpg,65
car_imgs/005191.jpg,65
car_imgs/005192.jpg,65
car_imgs/005193.jpg,65
car_imgs/005194.jpg,65
car_imgs/005279.jpg,66
car_imgs/005280.jpg,66
car_imgs/005281.jpg,66
car_imgs/005282.jpg,66
car_imgs/005283.jpg,66
car_imgs/005284.jpg,66
car_imgs/005362.jpg,67
car_imgs/005363.jpg,67
car_imgs/005364.jpg,67
car_imgs/005365.jpg,67
car_imgs/005366.jpg,67
car_imgs/005367.jpg,67
car_imgs/005439.jpg,68
car_imgs/005440.jpg,68
car_imgs/005441.jpg,68
car_imgs/005442.jpg,68
car_imgs/005443.jpg,68
car_imgs/005444.jpg,68
car_imgs/005519.jpg,69
car_imgs/005520.jpg,69
car_imgs/005521.jpg,69
car_imgs/005522.jpg,69
car_imgs/005523.jpg,69
car_imgs/005524.jpg,69
car_imgs/005595.jpg,70
car_imgs/005596.jpg,70
car_imgs/005597.jpg,70
car_imgs/005598.jpg,70
car_imgs/005599.jpg,70
car_imgs/005600.jpg,70
car_imgs/005680.jpg,71
car_imgs/005681.jpg,71
car_imgs/005682.jpg,71
car_imgs/005683.jpg,71
car_imgs/005684.jpg,71
car_imgs/005685.jpg,71
car_imgs/005750.jpg,72
car_imgs/005751.jpg,72
car_imgs/005752.jpg,72
car_imgs/005753.jpg,72
car_imgs/005754.jpg,72
car_imgs/005755.jpg,72
car_imgs/005840.jpg,73
car_imgs/005841.jpg,73
car_imgs/005842.jpg,73
car_imgs/005843.jpg,73
car_imgs/005844.jpg,73
car_imgs/005845.jpg,73
car_imgs/005929.jpg,74
car_imgs/005930.jpg,74
car_imgs/005931.jpg,74
car_imgs/005932.jpg,74
car_imgs/005933.jpg,74
car_imgs/005934.jpg,74
car_imgs/006016.jpg,75
car_imgs/006017.jpg,75
car_imgs/006018.jpg,75
car_imgs/006019.jpg,75
car_imgs/006020.jpg,75
car_imgs/006021.jpg,75
car_imgs/006104.jpg,76
car_imgs/006105.jpg,76
car_imgs/006106.jpg,76
car_imgs/006107.jpg,76
car_imgs/006108.jpg,76
car_imgs/006109.jpg,76
car_imgs/006191.jpg,77
car_imgs/006192.jpg,77
car_imgs/006193.jpg,77
car_imgs/006194.jpg,77
car_imgs/006195.jpg,77
car_imgs/006196.jpg,77
car_imgs/006272.jpg,78
car_imgs/006273.jpg,78
car_imgs/006274.jpg,78
car_imgs/006275.jpg,78
car_imgs/006276.jpg,78
car_imgs/006277.jpg,78
car_imgs/006347.jpg,79
car_imgs/006348.jpg,79
car_imgs/006349.jpg,79
car_imgs/006350.jpg,79
car_imgs/006351.jpg,79
car_imgs/006352.jpg,79
car_imgs/006444.jpg,80
car_imgs/006445.jpg,80
car_imgs/006446.jpg,80
car_imgs/006447.jpg,80
car_imgs/006448.jpg,80
car_imgs/006449.jpg,80
car_imgs/006530.jpg,81
car_imgs/006531.jpg,81
car_imgs/006532.jpg,81
car_imgs/006533.jpg,81
car_imgs/006534.jpg,81
car_imgs/006535.jpg,81
car_imgs/006620.jpg,82
car_imgs/006621.jpg,82
car_imgs/006622.jpg,82
car_imgs/006623.jpg,82
car_imgs/006624.jpg,82
car_imgs/006625.jpg,82
car_imgs/006710.jpg,83
car_imgs/006711.jpg,83
car_imgs/006712.jpg,83
car_imgs/006713.jpg,83
car_imgs/006714.jpg,83
car_imgs/006715.jpg,83
car_imgs/006791.jpg,84
car_imgs/006792.jpg,84
car_imgs/006793.jpg,84
car_imgs/006794.jpg,84
car_imgs/006795.jpg,84
car_imgs/006796.jpg,84
car_imgs/006875.jpg,85
car_imgs/006876.jpg,85
car_imgs/006877.jpg,85
car_imgs/006878.jpg,85
car_imgs/006879.jpg,85
car_imgs/006880.jpg,85
car_imgs/006962.jpg,86
car_imgs/006963.jpg,86
car_imgs/006964.jpg,86
car_imgs/006965.jpg,86
car_imgs/006966.jpg,86
car_imgs/006967.jpg,86
car_imgs/007047.jpg,87
car_imgs/007048.jpg,87
car_imgs/007049.jpg,87
car_imgs/007050.jpg,87
car_imgs/007051.jpg,87
car_imgs/007052.jpg,87
car_imgs/007135.jpg,88
car_imgs/007136.jpg,88
car_imgs/007137.jpg,88
car_imgs/007138.jpg,88
car_imgs/007139.jpg,88
car_imgs/007140.jpg,88
car_imgs/007214.jpg,89
car_imgs/007215.jpg,89
car_imgs/007216.jpg,89
car_imgs/007217.jpg,89
car_imgs/007218.jpg,89
car_imgs/007219.jpg,89
car_imgs/007302.jpg,90
car_imgs/007303.jpg,90
car_imgs/007304.jpg,90
car_imgs/007305.jpg,90
car_imgs/007306.jpg,90
car_imgs/007307.jpg,90
car_imgs/007384.jpg,91
car_imgs/007385.jpg,91
car_imgs/007386.jpg,91
car_imgs/007387.jpg,91
car_imgs/007388.jpg,91
car_imgs/007389.jpg,91
car_imgs/007461.jpg,92
car_imgs/007462.jpg,92
car_imgs/007463.jpg,92
car_imgs/007464.jpg,92
car_imgs/007465.jpg,92
car_imgs/007466.jpg,92
car_imgs/007541.jpg,93
car_imgs/007542.jpg,93
car_imgs/007543.jpg,93
car_imgs/007544.jpg,93
car_imgs/007545.jpg,93
car_imgs/007546.jpg,93
car_imgs/007619.jpg,94
car_imgs/007620.jpg,94
car_imgs/007621.jpg,94
car_imgs/007622.jpg,94
car_imgs/007623.jpg,94
car_imgs/007624.jpg,94
car_imgs/007706.jpg,95
car_imgs/007707.jpg,95
car_imgs/007708.jpg,95
car_imgs/007709.jpg,95
car_imgs/007710.jpg,95
car_imgs/007711.jpg,95
car_imgs/007797.jpg,96
car_imgs/007798.jpg,96
car_imgs/007799.jpg,96
car_imgs/007800.jpg,96
car_imgs/007801.jpg,96
car_imgs/007802.jpg,96
car_imgs/007879.jpg,97
car_imgs/007880.jpg,97
car_imgs/007881.jpg,97
car_imgs/007882.jpg,97
car_imgs/007883.jpg,97
car_imgs/007884.jpg,97
car_imgs/007963.jpg,98
car_imgs/007964.jpg,98
car_imgs/007965.jpg,98
car_imgs/007966.jpg,98
car_imgs/007967.jpg,98
car_imgs/007968.jpg,98
car_imgs/008055.jpg,99
car_imgs/008056.jpg,99
car_imgs/008057.jpg,99
car_imgs/008058.jpg,99
car_imgs/008059.jpg,99
car_imgs/008060.jpg,99
car_imgs/008110.jpg,100
car_imgs/008111.jpg,100
car_imgs/008112.jpg,100
car_imgs/008113.jpg,100
car_imgs/008114.jpg,100
car_imgs/008115.jpg,100
car_imgs/008177.jpg,101
car_imgs/008178.jpg,101
car_imgs/008179.jpg,101
car_imgs/008180.jpg,101
car_imgs/008181.jpg,101
car_imgs/008182.jpg,101
car_imgs/008261.jpg,102
car_imgs/008262.jpg,102
car_imgs/008263.jpg,102
car_imgs/008264.jpg,102
car_imgs/008265.jpg,102
car_imgs/008266.jpg,102
car_imgs/008339.jpg,103
car_imgs/008340.jpg,103
car_imgs/008341.jpg,103
car_imgs/008342.jpg,103
car_imgs/008343.jpg,103
car_imgs/008344.jpg,103
car_imgs/008418.jpg,104
car_imgs/008419.jpg,104
car_imgs/008420.jpg,104
car_imgs/008421.jpg,104
car_imgs/008422.jpg,104
car_imgs/008423.jpg,104
car_imgs/008503.jpg,105
car_imgs/008504.jpg,105
car_imgs/008505.jpg,105
car_imgs/008506.jpg,105
car_imgs/008507.jpg,105
car_imgs/008508.jpg,105
car_imgs/008590.jpg,106
car_imgs/008591.jpg,106
car_imgs/008592.jpg,106
car_imgs/008593.jpg,106
car_imgs/008594.jpg,106
car_imgs/008595.jpg,106
car_imgs/008673.jpg,107
car_imgs/008674.jpg,107
car_imgs/008675.jpg,107
car_imgs/008676.jpg,107
car_imgs/008677.jpg,107
car_imgs/008678.jpg,107
car_imgs/008762.jpg,108
car_imgs/008763.jpg,108
car_imgs/008764.jpg,108
car_imgs/008765.jpg,108
car_imgs/008766.jpg,108
car_imgs/008767.jpg,108
car_imgs/008850.jpg,109
car_imgs/008851.jpg,109
car_imgs/008852.jpg,109
car_imgs/008853.jpg,109
car_imgs/008854.jpg,109
car_imgs/008855.jpg,109
car_imgs/008939.jpg,110
car_imgs/008940.jpg,110
car_imgs/008941.jpg,110
car_imgs/008942.jpg,110
car_imgs/008943.jpg,110
car_imgs/008944.jpg,110
car_imgs/009025.jpg,111
car_imgs/009026.jpg,111
car_imgs/009027.jpg,111
car_imgs/009028.jpg,111
car_imgs/009029.jpg,111
car_imgs/009030.jpg,111
car_imgs/009109.jpg,112
car_imgs/009110.jpg,112
car_imgs/009111.jpg,112
car_imgs/009112.jpg,112
car_imgs/009113.jpg,112
car_imgs/009114.jpg,112
car_imgs/009200.jpg,113
car_imgs/009201.jpg,113
car_imgs/009202.jpg,113
car_imgs/009203.jpg,113
car_imgs/009204.jpg,113
car_imgs/009205.jpg,113
car_imgs/009285.jpg,114
car_imgs/009286.jpg,114
car_imgs/009287.jpg,114
car_imgs/009288.jpg,114
car_imgs/009289.jpg,114
car_imgs/009290.jpg,114
car_imgs/009375.jpg,115
car_imgs/009376.jpg,115
car_imgs/009377.jpg,115
car_imgs/009378.jpg,115
car_imgs/009379.jpg,115
car_imgs/009380.jpg,115
car_imgs/009465.jpg,116
car_imgs/009466.jpg,116
car_imgs/009467.jpg,116
car_imgs/009468.jpg,116
car_imgs/009469.jpg,116
car_imgs/009470.jpg,116
car_imgs/009540.jpg,117
car_imgs/009541.jpg,117
car_imgs/009542.jpg,117
car_imgs/009543.jpg,117
car_imgs/009544.jpg,117
car_imgs/009545.jpg,117
car_imgs/009625.jpg,118
car_imgs/009626.jpg,118
car_imgs/009627.jpg,118
car_imgs/009628.jpg,118
car_imgs/009629.jpg,118
car_imgs/009630.jpg,118
car_imgs/009708.jpg,119
car_imgs/009709.jpg,119
car_imgs/009710.jpg,119
car_imgs/009711.jpg,119
car_imgs/009712.jpg,119
car_imgs/009713.jpg,119
car_imgs/009774.jpg,120
car_imgs/009775.jpg,120
car_imgs/009776.jpg,120
car_imgs/009777.jpg,120
car_imgs/009778.jpg,120
car_imgs/009779.jpg,120
car_imgs/009859.jpg,121
car_imgs/009860.jpg,121
car_imgs/009861.jpg,121
car_imgs/009862.jpg,121
car_imgs/009863.jpg,121
car_imgs/009864.jpg,121
car_imgs/009948.jpg,122
car_imgs/009949.jpg,122
car_imgs/009950.jpg,122
car_imgs/009951.jpg,122
car_imgs/009952.jpg,122
car_imgs/009953.jpg,122
car_imgs/010098.jpg,123
car_imgs/010099.jpg,123
car_imgs/010100.jpg,123
car_imgs/010101.jpg,123
car_imgs/010102.jpg,123
car_imgs/010103.jpg,123
car_imgs/010187.jpg,124
car_imgs/010188.jpg,124
car_imgs/010189.jpg,124
car_imgs/010190.jpg,124
car_imgs/010191.jpg,124
car_imgs/010192.jpg,124
car_imgs/010265.jpg,125
car_imgs/010266.jpg,125
car_imgs/010267.jpg,125
car_imgs/010268.jpg,125
car_imgs/010269.jpg,125
car_imgs/010270.jpg,125
car_imgs/010352.jpg,126
car_imgs/010353.jpg,126
car_imgs/010354.jpg,126
car_imgs/010355.jpg,126
car_imgs/010356.jpg,126
car_imgs/010357.jpg,126
car_imgs/010436.jpg,127
car_imgs/010437.jpg,127
car_imgs/010438.jpg,127
car_imgs/010439.jpg,127
car_imgs/010440.jpg,127
car_imgs/010441.jpg,127
car_imgs/010518.jpg,128
car_imgs/010519.jpg,128
car_imgs/010520.jpg,128
car_imgs/010521.jpg,128
car_imgs/010522.jpg,128
car_imgs/010523.jpg,128
car_imgs/010596.jpg,129
car_imgs/010597.jpg,129
car_imgs/010598.jpg,129
car_imgs/010599.jpg,129
car_imgs/010600.jpg,129
car_imgs/010601.jpg,129
car_imgs/010673.jpg,130
car_imgs/010674.jpg,130
car_imgs/010675.jpg,130
car_imgs/010676.jpg,130
car_imgs/010677.jpg,130
car_imgs/010678.jpg,130
car_imgs/010755.jpg,131
car_imgs/010756.jpg,131
car_imgs/010757.jpg,131
car_imgs/010758.jpg,131
car_imgs/010759.jpg,131
car_imgs/010760.jpg,131
car_imgs/010839.jpg,132
car_imgs/010840.jpg,132
car_imgs/010841.jpg,132
car_imgs/010842.jpg,132
car_imgs/010843.jpg,132
car_imgs/010844.jpg,132
car_imgs/010926.jpg,133
car_imgs/010927.jpg,133
car_imgs/010928.jpg,133
car_imgs/010929.jpg,133
car_imgs/010930.jpg,133
car_imgs/010931.jpg,133
car_imgs/011010.jpg,134
car_imgs/011011.jpg,134
car_imgs/011012.jpg,134
car_imgs/011013.jpg,134
car_imgs/011014.jpg,134
car_imgs/011015.jpg,134
car_imgs/011077.jpg,135
car_imgs/011078.jpg,135
car_imgs/011079.jpg,135
car_imgs/011080.jpg,135
car_imgs/011081.jpg,135
car_imgs/011082.jpg,135
car_imgs/011161.jpg,136
car_imgs/011162.jpg,136
car_imgs/011163.jpg,136
car_imgs/011164.jpg,136
car_imgs/011165.jpg,136
car_imgs/011166.jpg,136
car_imgs/011209.jpg,137
car_imgs/011210.jpg,137
car_imgs/011211.jpg,137
car_imgs/011212.jpg,137
car_imgs/011213.jpg,137
car_imgs/011214.jpg,137
car_imgs/011296.jpg,138
car_imgs/011297.jpg,138
car_imgs/011298.jpg,138
car_imgs/011299.jpg,138
car_imgs/011300.jpg,138
car_imgs/011301.jpg,138
car_imgs/011375.jpg,139
car_imgs/011376.jpg,139
car_imgs/011377.jpg,139
car_imgs/011378.jpg,139
car_imgs/011379.jpg,139
car_imgs/011380.jpg,139
car_imgs/011460.jpg,140
car_imgs/011461.jpg,140
car_imgs/011462.jpg,140
car_imgs/011463.jpg,140
car_imgs/011464.jpg,140
car_imgs/011465.jpg,140
car_imgs/011544.jpg,141
car_imgs/011545.jpg,141
car_imgs/011546.jpg,141
car_imgs/011547.jpg,141
car_imgs/011548.jpg,141
car_imgs/011549.jpg,141
car_imgs/011612.jpg,142
car_imgs/011613.jpg,142
car_imgs/011614.jpg,142
car_imgs/011615.jpg,142
car_imgs/011616.jpg,142
car_imgs/011617.jpg,142
car_imgs/011677.jpg,143
car_imgs/011678.jpg,143
car_imgs/011679.jpg,143
car_imgs/011680.jpg,143
car_imgs/011681.jpg,143
car_imgs/011682.jpg,143
car_imgs/011757.jpg,144
car_imgs/011758.jpg,144
car_imgs/011759.jpg,144
car_imgs/011760.jpg,144
car_imgs/011761.jpg,144
car_imgs/011762.jpg,144
car_imgs/011850.jpg,145
car_imgs/011851.jpg,145
car_imgs/011852.jpg,145
car_imgs/011853.jpg,145
car_imgs/011854.jpg,145
car_imgs/011855.jpg,145
car_imgs/011938.jpg,146
car_imgs/011939.jpg,146
car_imgs/011940.jpg,146
car_imgs/011941.jpg,146
car_imgs/011942.jpg,146
car_imgs/011943.jpg,146
car_imgs/012024.jpg,147
car_imgs/012025.jpg,147
car_imgs/012026.jpg,147
car_imgs/012027.jpg,147
car_imgs/012028.jpg,147
car_imgs/012029.jpg,147
car_imgs/012113.jpg,148
car_imgs/012114.jpg,148
car_imgs/012115.jpg,148
car_imgs/012116.jpg,148
car_imgs/012117.jpg,148
car_imgs/012118.jpg,148
car_imgs/012203.jpg,149
car_imgs/012204.jpg,149
car_imgs/012205.jpg,149
car_imgs/012206.jpg,149
car_imgs/012207.jpg,149
car_imgs/012208.jpg,149
car_imgs/012288.jpg,150
car_imgs/012289.jpg,150
car_imgs/012290.jpg,150
car_imgs/012291.jpg,150
car_imgs/012292.jpg,150
car_imgs/012293.jpg,150
car_imgs/012360.jpg,151
car_imgs/012361.jpg,151
car_imgs/012362.jpg,151
car_imgs/012363.jpg,151
car_imgs/012364.jpg,151
car_imgs/012365.jpg,151
car_imgs/012447.jpg,152
car_imgs/012448.jpg,152
car_imgs/012449.jpg,152
car_imgs/012450.jpg,152
car_imgs/012451.jpg,152
car_imgs/012452.jpg,152
car_imgs/012518.jpg,153
car_imgs/012519.jpg,153
car_imgs/012520.jpg,153
car_imgs/012521.jpg,153
car_imgs/012522.jpg,153
car_imgs/012523.jpg,153
car_imgs/012607.jpg,154
car_imgs/012608.jpg,154
car_imgs/012609.jpg,154
car_imgs/012610.jpg,154
car_imgs/012611.jpg,154
car_imgs/012612.jpg,154
car_imgs/012692.jpg,155
car_imgs/012693.jpg,155
car_imgs/012694.jpg,155
car_imgs/012695.jpg,155
car_imgs/012696.jpg,155
car_imgs/012697.jpg,155
car_imgs/012777.jpg,156
car_imgs/012778.jpg,156
car_imgs/012779.jpg,156
car_imgs/012780.jpg,156
car_imgs/012781.jpg,156
car_imgs/012782.jpg,156
car_imgs/012855.jpg,157
car_imgs/012856.jpg,157
car_imgs/012857.jpg,157
car_imgs/012858.jpg,157
car_imgs/012859.jpg,157
car_imgs/012860.jpg,157
car_imgs/012928.jpg,158
car_imgs/012929.jpg,158
car_imgs/012930.jpg,158
car_imgs/012931.jpg,158
car_imgs/012932.jpg,158
car_imgs/012933.jpg,158
car_imgs/012986.jpg,159
car_imgs/012987.jpg,159
car_imgs/012988.jpg,159
car_imgs/012989.jpg,159
car_imgs/012990.jpg,159
car_imgs/012991.jpg,159
car_imgs/013058.jpg,160
car_imgs/013059.jpg,160
car_imgs/013060.jpg,160
car_imgs/013061.jpg,160
car_imgs/013062.jpg,160
car_imgs/013063.jpg,160
car_imgs/013146.jpg,161
car_imgs/013147.jpg,161
car_imgs/013148.jpg,161
car_imgs/013149.jpg,161
car_imgs/013150.jpg,161
car_imgs/013151.jpg,161
car_imgs/013242.jpg,162
car_imgs/013243.jpg,162
car_imgs/013244.jpg,162
car_imgs/013245.jpg,162
car_imgs/013246.jpg,162
car_imgs/013247.jpg,162
car_imgs/013333.jpg,163
car_imgs/013334.jpg,163
car_imgs/013335.jpg,163
car_imgs/013336.jpg,163
car_imgs/013337.jpg,163
car_imgs/013338.jpg,163
car_imgs/013406.jpg,164
car_imgs/013407.jpg,164
car_imgs/013408.jpg,164
car_imgs/013409.jpg,164
car_imgs/013410.jpg,164
car_imgs/013411.jpg,164
car_imgs/013493.jpg,165
car_imgs/013494.jpg,165
car_imgs/013495.jpg,165
car_imgs/013496.jpg,165
car_imgs/013497.jpg,165
car_imgs/013498.jpg,165
car_imgs/013582.jpg,166
car_imgs/013583.jpg,166
car_imgs/013584.jpg,166
car_imgs/013585.jpg,166
car_imgs/013586.jpg,166
car_imgs/013587.jpg,166
car_imgs/013664.jpg,167
car_imgs/013665.jpg,167
car_imgs/013666.jpg,167
car_imgs/013667.jpg,167
car_imgs/013668.jpg,167
car_imgs/013669.jpg,167
car_imgs/013759.jpg,168
car_imgs/013760.jpg,168
car_imgs/013761.jpg,168
car_imgs/013762.jpg,168
car_imgs/013763.jpg,168
car_imgs/013764.jpg,168
car_imgs/013843.jpg,169
car_imgs/013844.jpg,169
car_imgs/013845.jpg,169
car_imgs/013846.jpg,169
car_imgs/013847.jpg,169
car_imgs/013848.jpg,169
car_imgs/013920.jpg,170
car_imgs/013921.jpg,170
car_imgs/013922.jpg,170
car_imgs/013923.jpg,170
car_imgs/013924.jpg,170
car_imgs/013925.jpg,170
car_imgs/014008.jpg,171
car_imgs/014009.jpg,171
car_imgs/014010.jpg,171
car_imgs/014011.jpg,171
car_imgs/014012.jpg,171
car_imgs/014013.jpg,171
car_imgs/014100.jpg,172
car_imgs/014101.jpg,172
car_imgs/014102.jpg,172
car_imgs/014103.jpg,172
car_imgs/014104.jpg,172
car_imgs/014105.jpg,172
car_imgs/014188.jpg,173
car_imgs/014189.jpg,173
car_imgs/014190.jpg,173
car_imgs/014191.jpg,173
car_imgs/014192.jpg,173
car_imgs/014193.jpg,173
car_imgs/014275.jpg,174
car_imgs/014276.jpg,174
car_imgs/014277.jpg,174
car_imgs/014278.jpg,174
car_imgs/014279.jpg,174
car_imgs/014280.jpg,174
car_imgs/014357.jpg,175
car_imgs/014358.jpg,175
car_imgs/014359.jpg,175
car_imgs/014360.jpg,175
car_imgs/014361.jpg,175
car_imgs/014362.jpg,175
car_imgs/014418.jpg,176
car_imgs/014419.jpg,176
car_imgs/014420.jpg,176
car_imgs/014421.jpg,176
car_imgs/014422.jpg,176
car_imgs/014423.jpg,176
car_imgs/014495.jpg,177
car_imgs/014496.jpg,177
car_imgs/014497.jpg,177
car_imgs/014498.jpg,177
car_imgs/014499.jpg,177
car_imgs/014500.jpg,177
car_imgs/014583.jpg,178
car_imgs/014584.jpg,178
car_imgs/014585.jpg,178
car_imgs/014586.jpg,178
car_imgs/014587.jpg,178
car_imgs/014588.jpg,178
car_imgs/014666.jpg,179
car_imgs/014667.jpg,179
car_imgs/014668.jpg,179
car_imgs/014669.jpg,179
car_imgs/014670.jpg,179
car_imgs/014671.jpg,179
car_imgs/014756.jpg,180
car_imgs/014757.jpg,180
car_imgs/014758.jpg,180
car_imgs/014759.jpg,180
car_imgs/014760.jpg,180
car_imgs/014761.jpg,180
car_imgs/014841.jpg,181
car_imgs/014842.jpg,181
car_imgs/014843.jpg,181
car_imgs/014844.jpg,181
car_imgs/014845.jpg,181
car_imgs/014846.jpg,181
car_imgs/014917.jpg,182
car_imgs/014918.jpg,182
car_imgs/014919.jpg,182
car_imgs/014920.jpg,182
car_imgs/014921.jpg,182
car_imgs/014922.jpg,182
car_imgs/015009.jpg,183
car_imgs/015010.jpg,183
car_imgs/015011.jpg,183
car_imgs/015012.jpg,183
car_imgs/015013.jpg,183
car_imgs/015014.jpg,183
car_imgs/015093.jpg,184
car_imgs/015094.jpg,184
car_imgs/015095.jpg,184
car_imgs/015096.jpg,184
car_imgs/015097.jpg,184
car_imgs/015098.jpg,184
car_imgs/015174.jpg,185
car_imgs/015175.jpg,185
car_imgs/015176.jpg,185
car_imgs/015177.jpg,185
car_imgs/015178.jpg,185
car_imgs/015179.jpg,185
car_imgs/015251.jpg,186
car_imgs/015252.jpg,186
car_imgs/015253.jpg,186
car_imgs/015254.jpg,186
car_imgs/015255.jpg,186
car_imgs/015256.jpg,186
car_imgs/015328.jpg,187
car_imgs/015329.jpg,187
car_imgs/015330.jpg,187
car_imgs/015331.jpg,187
car_imgs/015332.jpg,187
car_imgs/015333.jpg,187
car_imgs/015415.jpg,188
car_imgs/015416.jpg,188
car_imgs/015417.jpg,188
car_imgs/015418.jpg,188
car_imgs/015419.jpg,188
car_imgs/015420.jpg,188
car_imgs/015502.jpg,189
car_imgs/015503.jpg,189
car_imgs/015504.jpg,189
car_imgs/015505.jpg,189
car_imgs/015506.jpg,189
car_imgs/015507.jpg,189
car_imgs/015583.jpg,190
car_imgs/015584.jpg,190
car_imgs/015585.jpg,190
car_imgs/015586.jpg,190
car_imgs/015587.jpg,190
car_imgs/015588.jpg,190
car_imgs/015669.jpg,191
car_imgs/015670.jpg,191
car_imgs/015671.jpg,191
car_imgs/015672.jpg,191
car_imgs/015673.jpg,191
car_imgs/015674.jpg,191
car_imgs/015761.jpg,192
car_imgs/015762.jpg,192
car_imgs/015763.jpg,192
car_imgs/015764.jpg,192
car_imgs/015765.jpg,192
car_imgs/015766.jpg,192
car_imgs/015846.jpg,193
car_imgs/015847.jpg,193
car_imgs/015848.jpg,193
car_imgs/015849.jpg,193
car_imgs/015850.jpg,193
car_imgs/015851.jpg,193
car_imgs/015929.jpg,194
car_imgs/015930.jpg,194
car_imgs/015931.jpg,194
car_imgs/015932.jpg,194
car_imgs/015933.jpg,194
car_imgs/015934.jpg,194
car_imgs/016020.jpg,195
car_imgs/016021.jpg,195
car_imgs/016022.jpg,195
car_imgs/016023.jpg,195
car_imgs/016024.jpg,195
car_imgs/016025.jpg,195
car_imgs/016106.jpg,196
car_imgs/016107.jpg,196
car_imgs/016108.jpg,196
car_imgs/016109.jpg,196
car_imgs/016110.jpg,196
car_imgs/016111.jpg,196